<Neb>

    <append xpath="/items">

            <item name="nebResourceUnstableChemical">
	            <property name="HoldType" value="45"/>
	            <property name="Meshfile" value="@:Other/Items/Misc/sackPrefab.prefab"/>
	            <property name="DropMeshfile" value="@:Other/Items/Misc/sack_droppedPrefab.prefab"/>
                <property name="CustomIcon" value="recipeUnstableChemical"/>
	            <property name="Material" value="MresourceTestosteroneExtract"/>
	            <property name="Stacknumber" value="10"/> <!-- STK resource -->
	            <property name="EconomicValue" value="250"/>
	            <property name="EconomicBundleSize" value="1"/>
	            <property name="Group" value="Resources,Chemicals,CFChemicals"/>
	            <property name="CraftingIngredientTime" value="2"/>
	            <property name="SoundPickup" value="testosterone_grab"/>
	            <property name="SoundPlace" value="testosterone_place"/>
            </item>

			<item name="nebResourceGlassMoldedTube">
	            <property name="HoldType" value="45"/>
	            <property name="Meshfile" value="@:Other/Items/Misc/sackPrefab.prefab"/>
	            <property name="DropMeshfile" value="@:Other/Items/Misc/sack_droppedPrefab.prefab"/>
                <property name="CustomIcon" value="recipeGlassMoldedTube"/>
	            <property name="HoldType" value="45"/>
				<property name="Tags" value="junk"/>
				<property name="Material" value="MtoolBeaker"/>
				<property name="Weight" value="0"/>
				<property name="Stacknumber" value="10"/> <!-- STK loot -->
				<property name="EconomicValue" value="100"/>
				<property name="Group" value="Tools/Traps,Chemicals"/>
	         	<property name="SoundPickup" value="beaker_grab"/>
				<property name="SoundPlace" value="beaker_place"/>
            </item>

			<item name="nebResourceCactCrucibleMold">
				<property name="HoldType" value="45"/>
				<property name="Tags" value="junk"/>
				<property name="Meshfile" value="@:Other/Items/Misc/sackPrefab.prefab"/>
				<property name="DropMeshfile" value="@:Other/Items/Misc/sack_droppedPrefab.prefab"/>
				<property name="CustomIcon" value="recipeCactCrucibleMold"/>
				<property name="Material" value="MmechanicalParts"/>
				<property name="Weight" value="5"/>
				<property name="Stacknumber" value="1000"/> <!-- STK resource -->
				<property name="EconomicValue" value="32"/>
				<property name="Group" value="Resources"/>
				<property name="SoundPickup" value="coffeebeans_grab"/>
				<property name="SoundPlace" value="coffeebeans_place"/>
			</item>

    </append>

</Neb>