<Neb>

    <append xpath="/recipes">
		<!--Nebs Custom Items-->

		<recipe name="NebsPostersPaintingsPictures" count="1" craft_time="1">
			<ingredient name="resourceCloth" count="15"/>
			<ingredient name="resourceWood" count="5"/>
			<ingredient name="resourcePaint" count="5"/>
			<ingredient name="resourceNail" count="5"/>
		</recipe>

		<recipe name="NebsCrollUpDoor3x3Powered" count="1" craft_area="workbench" craft_time="112">
			<ingredient name="resourceForgedIron" count="10"/>
			<ingredient name="resourceSpring" count="10"/>
			<ingredient name="resourceMechanicalParts" count="10"/>
			<ingredient name="resourceElectricParts" count="10"/>
		</recipe>

		<recipe name="NebsCrollUpDoor5x4Powered" count="1" craft_area="workbench" craft_time="112">
			<ingredient name="resourceForgedIron" count="10"/>
			<ingredient name="resourceSpring" count="10"/>
			<ingredient name="resourceMechanicalParts" count="10"/>
			<ingredient name="resourceElectricParts" count="10"/>
		</recipe>

		<recipe name="NebsCrollUpDoor7x4Powered" count="1" craft_area="workbench" craft_time="112">
			<ingredient name="resourceForgedIron" count="10"/>
			<ingredient name="resourceSpring" count="10"/>
			<ingredient name="resourceMechanicalParts" count="10"/>
			<ingredient name="resourceElectricParts" count="10"/>
		</recipe>
        

		<!--Wooden Doors-->
		<recipe name="NebsexteriorHouseDoor" count="1" craft_area="workbench" craft_time="2">
		    <ingredient name="resourceWood" count="10"/>
        </recipe>

		<recipe name="NebsexteriorHouseDoorDouble" count="1" craft_area="workbench" craft_time="2">
		    <ingredient name="resourceWood" count="10"/>
        </recipe>

		<recipe name="NebsexteriorHouseDoorSideLightSingle" count="1" craft_area="workbench" craft_time="2">
		    <ingredient name="resourceWood" count="10"/>
        </recipe>

		<recipe name="NebsexteriorHouseDoorSideLight" count="1" craft_area="workbench" craft_time="2">
		    <ingredient name="resourceWood" count="10"/>
        </recipe>

		<recipe name="NebsexteriorHouseDoorOld" count="1" craft_area="workbench" craft_time="2">
		    <ingredient name="resourceWood" count="10"/>
        </recipe>

		<recipe name="NebsexteriorHouseDoorDoubleOld" count="1" craft_area="workbench" craft_time="2">
		    <ingredient name="resourceWood" count="10"/>
        </recipe>

		<recipe name="NebsexteriorScreenDoor" count="1" craft_area="workbench" craft_time="2">
		    <ingredient name="resourceWood" count="10"/>
        </recipe>

		<recipe name="NebshouseSlidingDoor" count="1" craft_area="workbench" craft_time="2">
		    <ingredient name="resourceWood" count="10"/>
        </recipe>

		<recipe name="NebsfrenchDoor" count="1" craft_area="workbench" craft_time="2">
		    <ingredient name="resourceWood" count="10"/>
        </recipe>

		<recipe name="NebsfrenchDoorDouble" count="1" craft_area="workbench" craft_time="2">
		    <ingredient name="resourceWood" count="10"/>
        </recipe>

		<recipe name="NebsinteriorHouseDoor" count="1" craft_area="workbench" craft_time="2">
		    <ingredient name="resourceWood" count="10"/>
        </recipe>

		<recipe name="NebsinteriorHouseDoorDouble" count="1" craft_area="workbench" craft_time="2">
		    <ingredient name="resourceWood" count="10"/>
        </recipe>

		<recipe name="NebsinteriorDoorOld" count="1" craft_area="workbench" craft_time="2">
		    <ingredient name="resourceWood" count="10"/>
        </recipe>

		<recipe name="NebsinteriorDoorOldDouble" count="1" craft_area="workbench" craft_time="2">
		    <ingredient name="resourceWood" count="10"/>
        </recipe>

		<recipe name="NebstallCabinetDoor" count="1" craft_area="workbench" craft_time="2">
		    <ingredient name="resourceWood" count="10"/>
        </recipe>

		<recipe name="NebsclosetDoor" count="1" craft_area="workbench" craft_time="2">
		    <ingredient name="resourceWood" count="10"/>
        </recipe>

		<recipe name="NebsclosetDoorDouble" count="1" craft_area="workbench" craft_time="2">
		    <ingredient name="resourceWood" count="10"/>
        </recipe>

		<recipe name="NebspantryDoor" count="1" craft_area="workbench" craft_time="2">
		    <ingredient name="resourceWood" count="10"/>
        </recipe>

		<recipe name="NebscntArmoireDoors" count="1" craft_area="workbench" craft_time="2">
		    <ingredient name="resourceWood" count="10"/>
        </recipe>

		<recipe name="NebsportaPottyDoor" count="1" craft_area="workbench" craft_time="2">
		    <ingredient name="resourceScrapPolymers" count="10"/>
        </recipe>


		<!--Metal Doors-->
		<recipe name="NebsjailDoor" count="1" craft_area="workbench" craft_time="100">
		    <ingredient name="resourceForgedSteel" count="10"/>
			<ingredient name="resourceSpring" count="10"/>
			<ingredient name="resourceMechanicalParts" count="10"/>
        </recipe>

		<recipe name="NebsjailDoorDouble" count="1" craft_area="workbench" craft_time="100">
		    <ingredient name="resourceForgedSteel" count="10"/>
			<ingredient name="resourceSpring" count="10"/>
			<ingredient name="resourceMechanicalParts" count="10"/>
        </recipe>

		<recipe name="NebsjailDoorFallen" count="1" craft_area="workbench" craft_time="100">
		    <ingredient name="resourceForgedSteel" count="5"/>
			<ingredient name="resourceSpring" count="5"/>
			<ingredient name="resourceMechanicalParts" count="5"/>
        </recipe>

		<recipe name="NebsjailDoorDoubleFallen" count="1" craft_area="workbench" craft_time="100">
		    <ingredient name="resourceForgedSteel" count="5"/>
			<ingredient name="resourceSpring" count="5"/>
			<ingredient name="resourceMechanicalParts" count="5"/>
        </recipe>

		<recipe name="NebsjailBars" count="1" craft_area="workbench" craft_time="100">
		    <ingredient name="resourceForgedSteel" count="10"/>
			<ingredient name="resourceSpring" count="10"/>
			<ingredient name="resourceMechanicalParts" count="10"/>
        </recipe>

		<recipe name="NebschainlinkFenceDoor" count="1" craft_area="workbench" craft_time="100">
		    <ingredient name="resourceForgedIron" count="10"/>
        </recipe>

		<recipe name="NebscommercialDoorV1" count="1" craft_area="workbench" craft_time="100">
		    <ingredient name="resourceForgedIron" count="10"/>
        </recipe>

		<recipe name="NebscommercialDoorDoubleV1" count="1" craft_area="workbench" craft_time="100">
		    <ingredient name="resourceForgedIron" count="10"/>
        </recipe>

		<recipe name="NebscommercialDoorV2" count="1" craft_area="workbench" craft_time="100">
		    <ingredient name="resourceForgedIron" count="10"/>
        </recipe>

		<recipe name="NebscommercialDoorDoubleV2" count="1" craft_area="workbench" craft_time="100">
		    <ingredient name="resourceForgedIron" count="10"/>
        </recipe>

		<recipe name="NebscommercialDoorV3" count="1" craft_area="workbench" craft_time="100">
		    <ingredient name="resourceForgedIron" count="10"/>
        </recipe>

		<recipe name="NebscommercialDoorDoubleV3" count="1" craft_area="workbench" craft_time="100">
		    <ingredient name="resourceForgedIron" count="10"/>
        </recipe>

		<recipe name="NebscommercialDoorV4" count="1" craft_area="workbench" craft_time="100">
		    <ingredient name="resourceForgedIron" count="10"/>
        </recipe>

		<recipe name="NebscommercialDoorDoubleV4" count="1" craft_area="workbench" craft_time="100">
		    <ingredient name="resourceForgedIron" count="10"/>
        </recipe>


		<!--Glass Doors-->
		<recipe name="NebscommercialGlassDoor" count="1" material_based="true" craft_area="forge" craft_time="45">
		    <ingredient name="unit_glass" count="34"/>
			<ingredient name="unit_lead" count="12"/>
			<ingredient name="unit_clay" count="4"/>
        </recipe>

		<recipe name="NebscommercialBulletproofGlassDoor" count="1" material_based="true" craft_area="forge" craft_time="100">
		    <ingredient name="unit_glass" count="174"/>
			<ingredient name="unit_stone" count="24"/>
			<ingredient name="unit_lead" count="100"/>
			<ingredient name="unit_iron" count="50"/>
			<ingredient name="unit_clay" count="50"/>
        </recipe>


		<!--Wanted Recipes-->
        <recipe name="doorWoodLargeGate" count="1" craft_area="workbench" craft_time="15">
		    <ingredient name="resourceWood" count="31"/>
		    <ingredient name="resourceForgedIron" count="15"/>
            <ingredient name="resourceNail" count="15"/>
        </recipe> 

		<recipe name="bathroomStallDoor" count="1" craft_area="workbench" craft_time="15">
		    <ingredient name="resourceWood" count="31"/>
		    <ingredient name="resourceForgedIron" count="15"/>
        </recipe> 

		<recipe name="manholeHatch" count="1" craft_area="workbench" craft_time="100">
		    <ingredient name="resourceForgedIron" count="5"/>
        </recipe> 

		<recipe name="rugBear" count="1" craft_area="workbench" craft_time="15">
		    <ingredient name="resourceLeather" count="15"/>
        </recipe> 

		<recipe name="birdBathPlanter" count="1" craft_area="workbench" craft_time="30">
		    <ingredient name="resourceCobblestones" count="15"/>
        </recipe> 

		<recipe name="planter" count="1" craft_area="workbench" craft_time="30">
		    <ingredient name="resourceCobblestones" count="15"/>
        </recipe> 



		<!--Special Items-->
		<recipe name="modArmorJumpJets" count="1" craft_area="workbench" craft_time="120">
		    <ingredient name="resourceForgedSteel" count="150"/>
			<ingredient name="resourceForgedIron" count="25"/>
			<ingredient name="resourceMetalPipe" count="20"/>
			<ingredient name="resourceDuctTape" count="20"/>
			<ingredient name="resourceSilverNugget" count="20"/>
			<ingredient name="resourceGunPowder" count="60"/>
        </recipe> 

		<recipe name="toolTerrainModelerAdmin" count="1" craft_area="workbench" craft_time="120">
		    <ingredient name="resourceForgedSteel" count="200"/>
			<ingredient name="resourceWood" count="50"/>
			<ingredient name="resourceDuctTape" count="5"/>
			<ingredient name="resourceSilverNugget" count="25"/>
        </recipe> 

		<recipe name="cntVendingMachine2" count="1" craft_area="workbench" craft_time="100">
		    <ingredient name="resourceForgedIron" count="150"/>
			<ingredient name="resourceMechanicalParts" count="75"/>
			<ingredient name="resourceElectricParts" count="75"/>
			<ingredient name="resourceLegendaryParts" count="5"/>
        </recipe> 

		<recipe name="cntVendingMachineEnergy" count="1" craft_area="workbench" craft_time="100">
		    <ingredient name="resourceForgedIron" count="150"/>
			<ingredient name="resourceMechanicalParts" count="75"/>
			<ingredient name="resourceElectricParts" count="75"/>
			<ingredient name="resourceLegendaryParts" count="5"/>
        </recipe> 

		<recipe name="cntVendingMachineWater" count="1" craft_area="workbench" craft_time="100">
		   <ingredient name="resourceForgedIron" count="150"/>
			<ingredient name="resourceMechanicalParts" count="75"/>
			<ingredient name="resourceElectricParts" count="75"/>
			<ingredient name="resourceLegendaryParts" count="5"/>
        </recipe> 

		<recipe name="cntVendingMachineSnacksFull" count="1" craft_area="workbench" craft_time="100">
		    <ingredient name="resourceForgedIron" count="150"/>
			<ingredient name="resourceMechanicalParts" count="75"/>
			<ingredient name="resourceElectricParts" count="75"/>
			<ingredient name="resourceLegendaryParts" count="5"/>
        </recipe> 
		
		<recipe name="nebResourceUnstableChemical" count="1" craft_area="chemistryStation" craft_exp_gain="100" craft_time="120" tags="perkAdvancedEngineering">
		    <ingredient name="resourceOil" count="5"/>
			<ingredient name="foodRottingFlesh" count="15"/>
			<ingredient name="drinkJarBoiledWater" count="1"/>
			<ingredient name="resourceCoal" count="10"/>
        </recipe> 

		<recipe name="resourceAcid" count="1" craft_area="chemistryStation" craft_exp_gain="300" craft_time="120" tags="perkAdvancedEngineering">
		    <ingredient name="nebResourceUnstableChemical" count="1"/>
			<ingredient name="resourcePotassiumNitratePowder" count="15"/>
			<ingredient name="drinkJarPureMineralWater" count="1"/>
        </recipe> 

		<recipe name="nebResourceGlassMoldedTube" material_based="true" count="1" craft_area="forge" craft_time="120" is_trackable="false" craft_exp_gain="100" tags="perkAdvancedEngineering">
		    <ingredient name="unit_glass" count="40"/>
			<ingredient name="unit_clay" count="50"/>
			<ingredient name="unit_iron" count="5"/>
        </recipe> 

		<recipe name="toolBeaker" count="1" craft_area="chemistryStation" craft_exp_gain="300" craft_time="120" tags="perkAdvancedEngineering">
		    <ingredient name="nebResourceGlassMoldedTube" count="1"/>
			<ingredient name="resourceAcid" count="1"/>
			<ingredient name="resourceForgedIron" count="10"/>
			<ingredient name="drinkJarBoiledWater" count="1"/>
        </recipe> 

		<recipe name="nebResourceCactCrucibleMold" material_based="true" craft_time="300" craft_area="forge" craft_exp_gain="100" is_trackable="false" tags="perkAdvancedEngineering">
			<ingredient name="unit_clay" count="300"/>
			<ingredient name="unit_stone" count="400"/>
			<ingredient name="unit_iron" count="20"/>
        </recipe> 

		<recipe name="toolForgeCrucible" count="1" craft_area="workbench" craft_time="300" craft_exp_gain="300" tags="workbenchCrafting,perkAdvancedEngineering">
			<ingredient name="nebResourceCactCrucibleMold" count="1"/>
			<ingredient name="resourceForgedSteel" count="20"/>
			<ingredient name="resourceMechanicalParts" count="10"/>
			<ingredient name="resourceAcid" count="5"/>
		</recipe>

    </append>

</Neb>
<!--
/)_/)
( . .)
c(")(")
-->