<Neb>
	<!--Jar and Can-->
	<append xpath="/items">
		<item name="nebDrinkCanEmpty"> 
			<property name="HoldType" value="14"/> 
	 		<property name="Meshfile" value="@:Other/Items/Food/can_emptyPrefab.prefab"/> 
	 		<property name="DropMeshfile" value="@:Other/Items/Misc/sack_droppedPrefab.prefab"/> 
	 		<property name="Material" value="Mmetal"/> 
	 		<property name="CustomIcon" value="drinkCanEmpty"/>
			<property name="Stacknumber" value="500"/>
			<property name="Weight" value="10"/>
			<property name="EconomicValue" value="5"/>
			<property name="CraftingIngredientTime" value="9"/>
			<property name="Group" value="Resources"/>
			<property name="SoundPickup" value="canfoodsmall_grab"/>
			<property name="SoundPlace" value="canfoodsmall_place"/>
 		</item> 

		<item name="nebDrinkJarEmpty">
			<property name="HoldType" value="3"/>
			<property name="Meshfile" value="@:Other/Items/Food/emptyJarPrefab.prefab"/>
			<property name="DropMeshfile" value="@:Other/Items/Misc/sack_droppedPrefab.prefab"/>
			<property name="Material" value="Mglass"/>
			<property name="CustomIcon" value="drinkJarEmpty"/>
			<property name="Stacknumber" value="125"/>
			<property name="Weight" value="10"/>
			<property name="EconomicValue" value="20"/>
			<property name="CraftingIngredientTime" value="9"/>
			<property name="Class" value="ItemClassWaterContainer"/>
			<property name="WaterCapacity" value="1"/>
			<property class="Action1">
				<property name="Class" value="CollectWater"/>
				<property name="Delay" value=".35"/>
				<property name="Change_item_to" value="drinkJarRiverWater"/>
				<property name="Do_block_action" value="deplete1"/>
				<property name="Focused_blockname_1" value="water"/>
				<property name="Focused_blockname_2" value="waterMoving"/>
				<property name="Focused_blockname_3" value="waterStaticBucket"/>
				<property name="Focused_blockname_4" value="waterMovingBucket"/>
				<property name="Focused_blockname_5" value="terrWaterPOI"/>
				<property name="Sound_start" value="bucketfill_water"/>
			</property>
			<property name="Group" value="Resources"/>
			<property name="SoundPickup" value="jars_grab"/>
			<property name="SoundPlace" value="jars_place"/>
		</item>
	</append>
	<!--Adding jar giver-->
	<append xpath="/items/item[@name='drinkJarBeer'
		or @name='drinkJarBlackStrapCoffee'
		or @name='drinkJarBoiledWater'
		or @name='drinkJarCoffee'
		or @name='drinkJarGoldenRodTea'
		or @name='drinkJarGrandpasAwesomeSauce'
		or @name='drinkJarGrandpasForgettingElixir'
		or @name='drinkJarGrandpasLearningElixir'
		or @name='drinkJarGrandpasMoonshine'
		or @name='drinkJarPureMineralWater'
		or @name='drinkJarRedTea'
		or @name='drinkJarRiverWater'
		or @name='drinkJarYuccaJuice'
		or @name='drinkYuccaJuiceSmoothie'
		or @name='foodHoney'
		or @name='foodBurntSmoothie'
		or @name='foodOasisSmoothie'
		or @name='foodFrostbiteSmoothie'
		or @name='foodAtomicSmoothie']/property[@class='Action0']">
		<property name="Create_item" value="nebDrinkJarEmpty"/>
	</append>

	<append xpath="/items/item[@name='foodCanBeef'
		or @name='drinkCanMegaCrush'
		or @name='foodCanChicken'
		or @name='foodCanLamb'
		or @name='foodCanChili'
		or @name='foodCanCatfood'
		or @name='foodCanDogfood'
		or @name='foodCanTuna'
		or @name='foodCanSham'
		or @name='foodCanPasta'
		or @name='foodCanSalmon'
		or @name='foodCanMiso'
		or @name='foodCanPeas'
		or @name='foodCanPears'
		or @name='foodCanSoup'
		or @name='foodCanStock']/property[@class='Action0']">
		<property name="Create_item" value="nebDrinkCanEmpty"/>
	</append>
</Neb>
<!--
/)_/)
( . .)
c(")(")
-->