<Neb>

	<append xpath="/lootcontainers/lootgroup[@name='groupFoodTrashCommon']">
		<item name="nebDrinkCanEmpty" count="1,6" loot_prob_template="medLow"/>
		<item name="nebDrinkJarEmpty" count="1,4" loot_prob_template="Low"/>
	</append>
	<append xpath="/lootcontainers/lootgroup[@name='groupFoodTrashUncommon']">
		<item name="nebDrinkCanEmpty" count="1,2" loot_prob_template="low"/>
		<item name="nebDrinkJarEmpty" count="1,5" loot_prob_template="medLow"/>
	</append>

</Neb>
<!--
/)_/)
( . .)
c(")(")
-->
