<Neb>

	<append xpath="/recipes">
		<recipe name="nebDrinkJarEmpty" count="1" material_based="true" craft_area="forge" tags="perkAdvancedEngineering">
			<ingredient name="unit_glass" count="12"/>
			<ingredient name="unit_clay" count="1"/>
			<effect_group>
				<passive_effect name="CraftingIngredientCount" operation="perc_add" level="0,1,2,3,4" value=".25,.25,.25,.12,.06" tags="unit_clay,unit_glass"/>
			</effect_group>
		</recipe>

		<recipe name="nebDrinkCanEmpty" count="1" material_based="true" craft_area="forge" tags="perkAdvancedEngineering">
			<ingredient name="unit_iron" count="5"/>
			<ingredient name="unit_clay" count="1"/>
			<effect_group>
				<passive_effect name="CraftingIngredientCount" operation="perc_add" level="0,1,2,3,4" value=".25,.25,.25,.12,.06" tags="unit_iron"/>
			</effect_group>
		</recipe>

		<recipe name="drinkJarRiverWater" count="1" craft_area="campfire" craft_tool="toolCookingPot" tags="perkMasterChef">
			<ingredient name="resourceSnowBall" count="1"/>
			<ingredient name="nebDrinkJarEmpty" count="1"/>
		</recipe>

	</append>

</Neb>
<!--
/)_/)
( . .)
c(")(")
-->
