<configs>
	


	<append xpath="/buffs">

		<buff name="buffThwompStompersAirborneMod" hidden="true">
			<stack_type value="replace"/>
			<duration value="3"/>

			<effect_group>
				<passive_effect name="WalkSpeed" operation="perc_add" value="3"/>
				<passive_effect name="RunSpeed" operation="perc_add" value="4"/>
			</effect_group>
			
		</buff>

		<buff name="buffThwompStompersAirborneMod2" hidden="true">
			<stack_type value="replace"/>
			<duration value="3"/>

			<effect_group>
				<passive_effect name="WalkSpeed" operation="perc_add" value="7"/>
				<passive_effect name="RunSpeed" operation="perc_add" value="8"/>
			</effect_group>

		</buff>

		<!-- Activations -->
		<buff name="buffThwompStompers" hidden="true">
			<stack_type value="ignore"/>
			<duration value="0"/>
		</buff>

		<buff name="buffThwompStompers2" hidden="true">
			<stack_type value="ignore"/>
			<duration value="0"/>
		</buff>

		<buff name="buffPinkBoots" hidden="true">
			<stack_type value="ignore"/>
			<duration value="0"/>
		</buff>

		<!-- Pink boots buff -->
		<buff name="buffPinkBootsAirborne" hidden="true">
			<stack_type value="replace"/>
			<duration value="3"/>

			<effect_group>
				<passive_effect name="WalkSpeed" operation="base_set" value="1.65"/>
				<passive_effect name="RunSpeed" operation="base_set" value="4"/>
				<passive_effect name="WalkSpeed" operation="perc_add" value="1.85"/>
				<passive_effect name="RunSpeed" operation="perc_add" value="1.85"/>
			</effect_group>
		</buff>

		<buff name="buffNebsEarPlugs" icon="ui_game_symbol_muffler">
			<display_value_key value="Earplugs"/> <display_value value="xxx"/>
			<stack_type value="replace"/>
			

			<effect_group>
				<requirements>
					<requirement name="!HasBuff" buff="twitch_buffDeafen"/>
					<requirement name="!HasBuff" buff="twitch_buffVoteDeafen"/>
				</requirements>
					<triggered_effect trigger="onSelfBuffUpdate" state="Deafened" enabled="true"/>
			</effect_group>

			<effect_group>
				<triggered_effect trigger="onSelfBuffStart" action="SetAudioMixerState" state="Deafened" enabled="true"/>
				<triggered_effect trigger="onSelfBuffRemove" action="SetAudioMixerState" state="Deafened" enabled="false"> </triggered_effect>
			</effect_group>


		</buff>

		<buff name="buffNebsClownEars" icon="ui_game_symbol">
			<display_value_key value="Clown Ears"/> <display_value value="xxx"/>
			<stack_type value="replace"/>
			

			<effect_group>
				<triggered_effect trigger="onSelfBuffStart" action="AltSounds" enabled="true"/>
				<triggered_effect trigger="onSelfBuffRemove" action="AltSounds" enabled="false"/>
			</effect_group>


			<effect_group>
				<requirements>
					<requirement name="!HasBuff" buff="twitch_voteSillySounds"/>
					<requirement name="!HasBuff" buff="twitch_buffSillySounds"/>
				</requirements>
					<triggered_effect trigger="onSelfBuffUpdate" action="AltSounds" enabled="true"/>
			</effect_group>
		
		</buff>
		
	</append>

</configs>
<!--
/)_/)
( . .)
c(")(")
-->