<configs>

	<append xpath="/item_modifiers">

		<item_modifier name="NebsThwompStompersMod" installable_tags="armorFeet" modifier_tags="nts" blocked_tags="noMods" type="attachment">
			<property name="Extends" value="modGeneralMaster"/>
			<property name="CustomIcon" value="ThwompStompers"/>
			<property name="DescriptionKey" value="NebsThwompStompersModDesc"/>
			<property name="UnlockedBy" value="craftingArmor"/>
			<property name="Material" value="Msteel"/>
			<property name="Group" value="Mods,Armor Mods"/>
			<property name="EconomicValue" value="20000"/>
			<effect_group tiered="false">
				<triggered_effect trigger="onSelfItemActivate" action="PlaySound" target="self" sound="generator_start" play_in_head="true"/>
				<triggered_effect trigger="onSelfItemActivate" action="FadeOutSound" target="self" sound="generator_start" play_in_head="true"/>
				<triggered_effect trigger="onSelfItemDeactivate" action="PlaySound" target="self" sound="generator_stop" play_in_head="true"/>
				<triggered_effect trigger="onSelfItemDeactivate" action="FadeOutSound" target="self" sound="generator_stop" play_in_head="true"/>

				<triggered_effect trigger="onSelfItemActivate" action="AddBuff" buff="buffThwompStompers"/>
				<triggered_effect trigger="onSelfItemDeactivate" action="RemoveBuff" buff="buffThwompStompers"/>
				<triggered_effect trigger="onSelfEquipStop" action="RemoveBuff" buff="buffThwompStompers"/>

			</effect_group>

			<effect_group tiered="false">
				<passive_effect name="JumpStrength" operation="perc_add" value="3.2">
					<requirement name="IsItemActive"/>
				</passive_effect>
				<passive_effect name="StaminaLoss" operation="perc_subtract" value=".75" tags="jumping">
					<requirement name="IsItemActive"/>
				</passive_effect>
				<passive_effect name="FallDamageReduction" operation="perc_subtract" value="0.4242">
					<requirement name="IsItemActive"/>
				</passive_effect>
			</effect_group>

			<effect_group>
				<triggered_effect trigger="onSelfJump" action="PlaySound" sound="junksledge_fire" play_in_head="false">
					<requirement name="HasBuff" buff="buffThwompStompers"/>
				</triggered_effect>

				<triggered_effect trigger="onSelfJump" action="AddBuff" buff="buffThwompStompersAirborneMod">
					<requirement name="HasBuff" buff="buffThwompStompers"/>
				</triggered_effect>

				<triggered_effect trigger="onSelfFallImpact" action="RemoveBuff" buff="buffThwompStompersAirborneMod"/>
			</effect_group>
		</item_modifier>

		<!-- Upgraded version -->
		<item_modifier name="NebsThwompStompersMod2" installable_tags="armorFeet" modifier_tags="nts" blocked_tags="noMods" type="attachment">
			<property name="Extends" value="modGeneralMaster"/>
			<property name="CustomIcon" value="ThwompStompers2"/>
			<property name="DescriptionKey" value="NebsThwompStompersMod2Desc"/>
			<property name="UnlockedBy" value="craftingArmor"/>
			<property name="Material" value="Msteel"/>
			<property name="Group" value="Mods,Armor Mods"/>
			<property name="EconomicValue" value="150000"/>
			<effect_group tiered="false">
				<triggered_effect trigger="onSelfItemActivate" action="PlaySound" target="self" sound="generator_start" play_in_head="true"/>
				<triggered_effect trigger="onSelfItemActivate" action="FadeOutSound" target="self" sound="generator_start" play_in_head="true"/>
				<triggered_effect trigger="onSelfItemDeactivate" action="PlaySound" target="self" sound="generator_stop" play_in_head="true"/>
				<triggered_effect trigger="onSelfItemDeactivate" action="FadeOutSound" target="self" sound="generator_stop" play_in_head="true"/>

				<triggered_effect trigger="onSelfItemActivate" action="AddBuff" buff="buffThwompStompers2"/>
				<triggered_effect trigger="onSelfItemDeactivate" action="RemoveBuff" buff="buffThwompStompers2"/>
				<triggered_effect trigger="onSelfEquipStop" action="RemoveBuff" buff="buffThwompStompers2"/>

			</effect_group>

			<effect_group tiered="false">
				<passive_effect name="JumpStrength" operation="perc_add" value="5.2">
					<requirement name="IsItemActive"/>
				</passive_effect>
				<passive_effect name="StaminaLoss" operation="perc_subtract" value=".8" tags="jumping">
					<requirement name="IsItemActive"/>
				</passive_effect>
				<passive_effect name="FallDamageReduction" operation="perc_subtract" value="0.6060">
					<requirement name="IsItemActive"/>
				</passive_effect>
			</effect_group>

			<effect_group>
				<triggered_effect trigger="onSelfJump" action="PlaySound" sound="junksledge_fire" play_in_head="false">
					<requirement name="HasBuff" buff="buffThwompStompers2"/>
				</triggered_effect>

				<triggered_effect trigger="onSelfJump" action="AddBuff" buff="buffThwompStompersAirborneMod2">
					<requirement name="HasBuff" buff="buffThwompStompers2"/>
				</triggered_effect>

				<triggered_effect trigger="onSelfFallImpact" action="RemoveBuff" buff="buffThwompStompersAirborneMod2"/>
			</effect_group>
		</item_modifier>

		<!-- Long Fall Boots-->
		<item_modifier name="NebsLongFallBootsMod" installable_tags="armorFeet" modifier_tags="falldamage" blocked_tags="noMods" type="attachment">
			<property name="Extends" value="modGeneralMaster"/>
			<property name="CustomIcon" value="LongFallBoots"/>
			<property name="DescriptionKey" value="NebsLongFallBootsModDesc"/>
			<property name="UnlockedBy" value="craftingArmor"/>
			<property name="Material" value="Msteel"/>
			<property name="Group" value="Mods,Armor Mods"/>
			<property name="EconomicValue" value="100000"/>
			<effect_group tiered="false">
			</effect_group>

			<effect_group tiered="false">
				<passive_effect name="FallDamageReduction" operation="perc_subtract" value="1"/>
			</effect_group>
		</item_modifier>
		
		<!-- Aunties Pink Boots -->
		<item_modifier name="NebsPinkBoots" installable_tags="armorFeet" modifier_tags="nts" blocked_tags="noMods" type="attachment">
			<property name="Extends" value="modGeneralMaster"/>
			<property name="CustomIcon" value="PinkBoots"/>
			<property name="DescriptionKey" value="NebsPinkBootsDesc"/>
			<property name="Material" value="Msteel"/>
			<property name="Group" value="Mods,Armor Mods"/>
			<property name="EconomicValue" value="150000"/>
			<effect_group tiered="false">
				<triggered_effect trigger="onSelfItemActivate" action="PlaySound" target="self" sound="generator_start" play_in_head="true"/>
				<triggered_effect trigger="onSelfItemActivate" action="FadeOutSound" target="self" sound="generator_start" play_in_head="true"/>
				<triggered_effect trigger="onSelfItemDeactivate" action="PlaySound" target="self" sound="generator_stop" play_in_head="true"/>
				<triggered_effect trigger="onSelfItemDeactivate" action="FadeOutSound" target="self" sound="generator_stop" play_in_head="true"/>

				<triggered_effect trigger="onSelfItemActivate" action="AddBuff" buff="buffPinkBoots"/>
				<triggered_effect trigger="onSelfItemDeactivate" action="RemoveBuff" buff="buffPinkBoots"/>
				<triggered_effect trigger="onSelfEquipStop" action="RemoveBuff" buff="buffPinkBoots"/>

			</effect_group>

			<effect_group tiered="false">
				<passive_effect name="JumpStrength" operation="perc_add" value="3.2">
					<requirement name="IsItemActive"/>
				</passive_effect>
				<passive_effect name="StaminaLoss" operation="perc_subtract" value=".75" tags="jumping">
					<requirement name="IsItemActive"/>
				</passive_effect>
				<passive_effect name="FallDamageReduction" operation="perc_subtract" value="0.6060">
					<requirement name="IsItemActive"/>
				</passive_effect>	
			</effect_group>
				

			<effect_group>
				<triggered_effect trigger="onSelfJump" action="PlaySound" sound="crossbow2_fire" play_in_head="false">
					<requirement name="HasBuff" buff="buffPinkBoots"/>
				</triggered_effect>

				<triggered_effect trigger="onSelfJump" action="AddBuff" buff="buffPinkBootsAirborne">
					<requirement name="HasBuff" buff="buffPinkBoots"/>
				</triggered_effect>

				
			</effect_group>
		</item_modifier>

		<!--Earplugs-->
		<item_modifier name="modNebsEarPlugs" installable_tags="armorHead" modifier_tags="EarPlugs" blocked_tags="noMods" type="attachment">

			<property name="Extends" value="modGeneralMaster"/>
			<property name="CustomIcon" value="modEarPlugs"/>
			<property name="UnlockedBy" value="craftingArmor"/>
			<property name="Material" value="Msteel"/>
			<property name="Group" value="Mods,Armor Mods"/>
			<property name="EconomicValue" value="10"/>
		
			<effect_group>
				<requirements>
					<requirement name="IsLocalPlayer"/>	
					<requirement name="!HasBuff" buff="twitch_buffDeafen"/>
					<requirement name="!HasBuff" buff="twitch_buffVoteDeafen"/>
				</requirements>
				<triggered_effect trigger="onSelfItemActivate" action="AddBuff" buff="buffNebsEarPlugs"/>
				<triggered_effect trigger="onSelfItemDeactivate" action="RemoveBuff" buff="buffNebsEarPlugs"/>
				<triggered_effect trigger="onSelfEquipStop" action="RemoveBuff" buff="buffNebsEarPlugs"/>
			</effect_group>	

		</item_modifier>

		<!--Clown Horn-->
		<item_modifier name="modNebsClownHorn" installable_tags="armorChest" modifier_tags="Clownhorn" blocked_tags="noMods" type="attachment">

			<property name="Extends" value="modGeneralMaster"/>
			<property name="CustomIcon" value="ImageClownHorn"/>
			<property name="UnlockedBy" value="craftingArmor"/>
			<property name="Material" value="Msteel"/>
			<property name="Group" value="Mods,Armor Mods"/>
			<property name="EconomicValue" value="100"/>
		
			<effect_group>
				<requirements>
					<requirement name="IsLocalPlayer"/>	
					<requirement name="!HasBuff" buff="twitch_voteSillySounds"/>
					<requirement name="!HasBuff" buff="twitch_buffSillySounds"/>
				</requirements>
				<triggered_effect trigger="onSelfItemActivate" action="AddBuff" buff="buffNebsClownEars"/>
				<triggered_effect trigger="onSelfItemDeactivate" action="RemoveBuff" buff="buffNebsClownEars"/>
				<triggered_effect trigger="onSelfEquipStop" action="RemoveBuff" buff="buffNebsClownEars"/>
			</effect_group>	

		</item_modifier>

	</append>

</configs>

<!--
/)_/)
( . .)
c(")(")
-->