<Neb>

	<append xpath="/progression/crafting_skills/crafting_skill[@name='craftingArmor']">
        <effect_group>
            <passive_effect name="RecipeTagUnlocked" operation="base_set" level="20,100" value="1" tags="modNebsEarPlugs"/>
            <passive_effect name="RecipeTagUnlocked" operation="base_set" level="45,100" value="1" tags="modNebsClownHorn"/>
            <passive_effect name="RecipeTagUnlocked" operation="base_set" level="85,100" value="1" tags="NebsThwompStompersMod"/>                
			<passive_effect name="RecipeTagUnlocked" operation="base_set" level="100,100" value="1" tags="NebsThwompStompersMod2"/>
            <passive_effect name="RecipeTagUnlocked" operation="base_set" level="95,100" value="1" tags="NebsLongFallBootsMod"/>
        </effect_group>

    </append>

	<append xpath="/progression/crafting_skills/crafting_skill[@name='craftingArmor']">
		<display_entry icon="modEarPlugs" name_key="NebsWackyArmorMod" has_quality="false" unlock_level="20,45,85,95,100">
			<unlock_entry item="modNebsEarPlugs" unlock_tier="1" recipes="modNebsEarPlugs"/>
			<unlock_entry item="modNebsClownHorn" unlock_tier="2" recipes="modNebsClownHorn"/>
			<unlock_entry item="NebsThwompStompersMod" unlock_tier="3" recipes="NebsThwompStompersMod"/>
			<unlock_entry item="NebsLongFallBootsMod" unlock_tier="4" recipes="NebsLongFallBootsMod"/>
			<unlock_entry item="NebsThwompStompersMod2" unlock_tier="5" recipes="NebsThwompStompersMod2"/>
		</display_entry>
	</append>

	<!--<append xpath="/progression/perks/perk[@name='perkAdvancedEngineering']">
        <effect_group>
            <passive_effect name="RecipeTagUnlocked" operation="base_set" level="1,5" value="1" tags="modNebsEarPlugs"/>
            <passive_effect name="RecipeTagUnlocked" operation="base_set" level="2,5" value="1" tags="modNebsClownHorn"/>
            <passive_effect name="RecipeTagUnlocked" operation="base_set" level="3,5" value="1" tags="NebsThwompStompersMod"/>                
			<passive_effect name="RecipeTagUnlocked" operation="base_set" level="5,5" value="1" tags="NebsThwompStompersMod2"/>
            <passive_effect name="RecipeTagUnlocked" operation="base_set" level="4,5" value="1" tags="NebsLongFallBootsMod"/>
        </effect_group>

    </append>-->

</Neb>
<!--
/)_/)
( . .)
c(")(")
-->