<configs>

	<append xpath="/recipes">
		<recipe name="NebsThwompStompersMod" count="1" craft_time="600" craft_area="workbench" tags="learnable,workbenchCrafting">
			<ingredient name="resourceForgedSteel" count="150"/>
			<ingredient name="resourceScrapPolymers" count="100"/>
			<ingredient name="resourceElectricParts" count="50"/>
			<ingredient name="resourceAcid" count="8"/>
			<ingredient name="resourceLegendaryParts" count="5"/>
		</recipe>
		
		<recipe name="NebsThwompStompersMod2" count="1" craft_time="900" craft_area="workbench" tags="learnable,workbenchCrafting">
			<ingredient name="NebsThwompStompersMod" count="1"/>
			<ingredient name="resourceForgedSteel" count="200"/>
			<ingredient name="resourceScrapPolymers" count="150"/>
			<ingredient name="resourceElectricParts" count="80"/>
			<ingredient name="resourceLegendaryParts" count="10"/>
		</recipe>

		<recipe name="NebsLongFallBootsMod" count="1" craft_time="600" craft_area="workbench" tags="learnable,workbenchCrafting">
			<ingredient name="resourceForgedSteel" count="150"/>
			<ingredient name="resourceSpring" count="60"/>
			<ingredient name="resourceScrapPolymers" count="120"/>
			<ingredient name="resourceElectricParts" count="80"/>
			<ingredient name="resourceLegendaryParts" count="8"/>
		</recipe>

		<recipe name="modNebsEarPlugs" count="1" craft_time="180" craft_area="workbench" tags="learnable,workbenchCrafting">
			<ingredient name="resourceScrapPolymers" count="40"/>
			<ingredient name="resourceDuctTape" count="10"/>
			<ingredient name="resourceCloth" count="40"/>
			<ingredient name="resourceLeather" count="10"/>
			<ingredient name="resourceElectricParts" count="12"/>
		</recipe>

		<recipe name="modNebsClownHorn" craft_area="workbench" count="1" craft_time="240" tags="learnable,workbenchCrafting">
			<ingredient name="resourceScrapBrass" count="60"/>
			<ingredient name="resourceScrapPolymers" count="25"/>
			<ingredient name="resourceAcid" count="5"/>
			<ingredient name="resourceOil" count="15"/>
			<ingredient name="resourceLegendaryParts" count="2"/>
		</recipe>
	</append>
	
</configs>
<!--
/)_/)
( . .)
c(")(")
-->
