<configs>

	<append xpath="/recipes">
		<recipe name="NebsThwompStompersMod" count="1" craft_time="120">
			<ingredient name="resourceArmorCraftingKit" count="10"/>
			<ingredient name="resourceDuctTape" count="2"/>
			<ingredient name="resourceLeather" count="10"/>
			<ingredient name="resourceMechanicalParts" count="20"/>
			<ingredient name="resourceForgedSteel" count="50"/>
			<ingredient name="resourceLegendaryParts" count="2"/>
			<ingredient name="thrownGrenade" count="2"/>
		</recipe>
		
		<recipe name="NebsThwompStompersMod2" count="1" craft_time="120">
			<ingredient name="NebsThwompStompersMod" count="1"/>
			<ingredient name="resourceArmorCraftingKit" count="50"/>
			<ingredient name="resourceDuctTape" count="12"/>
			<ingredient name="resourceLeather" count="80"/>
			<ingredient name="resourceMechanicalParts" count="115"/>
			<ingredient name="resourceForgedSteel" count="125"/>
			<ingredient name="resourceLegendaryParts" count="12"/>
		</recipe>

		<recipe name="NebsLongFallBootsMod" count="1" craft_time="120">
			<ingredient name="resourceArmorCraftingKit" count="10"/>
			<ingredient name="resourceDuctTape" count="12"/>
			<ingredient name="resourceSpring" count="20"/>
			<ingredient name="resourceLeather" count="35"/>
			<ingredient name="resourceMechanicalParts" count="20"/>
			<ingredient name="resourceForgedSteel" count="50"/>
			<ingredient name="resourceLegendaryParts" count="6"/>
		</recipe>
	</append>
	
</configs>
<!--
/)_/)
( . .)
c(")(")
-->
