<configs>

    <append xpath="/recipes">
        <!-- Campfire -->
        <recipe name="resourcePaper" count="10" craft_area="campfire" craft_tool="toolBeaker">
		<ingredient name="resourceWood" count="20"/>
		<ingredient name="foodCornMeal" count="5"/>
        <ingredient name="drinkJarBoiledWater" count="1"/>
        </recipe> 

        <recipe name="resourcePaper" count="10" craft_area="campfire" craft_tool="toolBeaker">
		<ingredient name="resourceCropCottonPlant" count="30"/>
        <ingredient name="drinkJarBoiledWater" count="1"/>
        </recipe> 

        <!-- Chem station -->
        <recipe name="resourcePaper" count="10" craft_area="chemistryStation" tags="chemStationCrafting">
		<ingredient name="resourceWood" count="10"/>
		<ingredient name="foodCornMeal" count="1"/>
        <ingredient name="drinkJarBoiledWater" count="1"/>
        </recipe> 

        <recipe name="resourcePaper" count="10" craft_area="chemistryStation" tags="chemStationCrafting">
		<ingredient name="resourceCropCottonPlant" count="15"/>
        <ingredient name="drinkJarBoiledWater" count="1"/>
        </recipe> 
    </append>

</configs>

<!--
/)_/)
( . .)
c(")(")
-->